seed,source_task,target_task,compatibility_score,calibration_mse,calibration_accuracy,solved_label,original_reuse,false_reuse,calibrated_score_reuse,calibrated_false_reuse
0,addition,addition,0.9980569919201839,0.11141109894212058,0.8633333333333333,True,True,False,True,False
0,addition,subtraction,0.15543898197523662,107.4138207112009,0.08,False,False,False,False,False
0,addition,multiplication,0.00026996932008780154,335.620425992265,0.04,False,False,False,False,False
0,addition,powers,0.8090287158239549,9.029438971734846,0.24333333333333335,False,False,False,False,False
0,subtraction,addition,0.13790924094034007,104.11049697698252,0.06333333333333334,False,False,False,False,False
0,subtraction,subtraction,0.9985274428658315,0.08302616159001608,0.93,True,True,False,True,False
0,subtraction,multiplication,6.464467498437605e-08,709.6714677019319,0.006666666666666667,False,False,False,False,False
0,subtraction,powers,0.6246053112874568,20.205832253884928,0.11666666666666667,False,False,False,False,False
0,multiplication,addition,0.0025607347233163012,350.05576690354627,0.023333333333333334,False,False,False,False,False
0,multiplication,subtraction,1.4822995826644036e-07,811.5820714353231,0.02,False,False,False,False,False
0,multiplication,multiplication,0.9892864864876201,0.2884911317358575,0.7633333333333333,False,True,True,False,False
0,multiplication,powers,0.8783312171019118,5.444988113650908,0.17333333333333334,False,False,False,False,False
0,powers,addition,0.1223904578939708,127.19234193035328,0.043333333333333335,False,False,False,False,False
0,powers,subtraction,0.0007115266072765287,437.1008806475798,0.013333333333333334,False,False,False,False,False
0,powers,multiplication,0.006731582624016109,214.24606317734143,0.12333333333333334,False,False,False,False,False
0,powers,powers,0.993583035115109,0.27565503654487866,0.8833333333333333,True,True,False,True,False
1,addition,addition,0.9981187970727128,0.16960486133114996,0.82,False,True,True,True,True
1,addition,subtraction,0.1328198052931946,105.31566228345172,0.06333333333333334,False,False,False,False,False
1,addition,multiplication,0.018009142235990146,367.06154647387643,0.043333333333333335,False,False,False,False,False
1,addition,powers,0.7908386065277591,8.60015659614334,0.15,False,False,False,False,False
1,subtraction,addition,0.16029493436481942,106.37850277645572,0.12,False,False,False,False,False
1,subtraction,subtraction,0.9960895580225259,0.1878468301725646,0.8233333333333334,False,True,True,True,True
1,subtraction,multiplication,8.883567051763175e-05,771.8792725915584,0.01,False,False,False,False,False
1,subtraction,powers,0.5958316985220062,20.59119862178974,0.03333333333333333,False,False,False,False,False
1,multiplication,addition,0.013346944133191865,314.73930715580786,0.043333333333333335,False,False,False,False,False
1,multiplication,subtraction,6.281435313322101e-05,816.8209208765013,0.016666666666666666,False,False,False,False,False
1,multiplication,multiplication,0.9965318897081782,0.4588274200872803,0.7933333333333333,False,True,True,True,True
1,multiplication,powers,0.8577443816495809,5.504645176558445,0.24333333333333335,False,False,False,False,False
1,powers,addition,0.06589664084420549,177.9184553305914,0.03333333333333333,False,False,False,False,False
1,powers,subtraction,5.604832287951442e-05,509.8422117189673,0.006666666666666667,False,False,False,False,False
1,powers,multiplication,0.058941953322846866,224.24178801691815,0.10333333333333333,False,False,False,False,False
1,powers,powers,0.9962994215683277,0.16599309165162823,0.8633333333333333,True,True,False,True,False
2,addition,addition,0.9971228738208605,0.18262790014430616,0.86,True,True,False,True,False
2,addition,subtraction,0.1280601808609724,120.36204252630608,0.07333333333333333,False,False,False,False,False
2,addition,multiplication,0.0004964766451176163,391.1609086520792,0.016666666666666666,False,False,False,False,False
2,addition,powers,0.8647151206227641,9.08302394103307,0.11,False,False,False,False,False
2,subtraction,addition,0.1369950630803203,116.78742168304755,0.07666666666666666,False,False,False,False,False
2,subtraction,subtraction,0.9973186616436825,0.1270226516507458,0.8933333333333333,True,True,False,True,False
2,subtraction,multiplication,4.0793776668847635e-07,814.3314927838993,0.04,False,False,False,False,False
2,subtraction,powers,0.7229700094569788,19.867823298872384,0.12,False,False,False,False,False
2,multiplication,addition,0.0007901088061690732,420.82557456208804,0.0,False,False,False,False,False
2,multiplication,subtraction,1.4131523623508974e-06,907.7720617316504,0.01,False,False,False,False,False
2,multiplication,multiplication,0.9889616811708027,0.2786497482948217,0.8233333333333334,False,True,True,False,False
2,multiplication,powers,0.9082751099415177,5.992293992762839,0.34,False,True,True,False,False
2,powers,addition,0.11970906883175944,129.2405745394976,0.05,False,False,False,False,False
2,powers,subtraction,0.00019848295410297088,487.73285611493696,0.02666666666666667,False,False,False,False,False
2,powers,multiplication,0.007030944765396077,246.17250764847466,0.09333333333333334,False,False,False,False,False
2,powers,powers,0.9981710529546018,0.11202856236248358,0.8766666666666667,True,True,False,True,False
3,addition,addition,0.9965548461654649,0.1312974230108871,0.8766666666666667,True,True,False,True,False
3,addition,subtraction,0.20462011387139098,108.34602392637957,0.09666666666666666,False,False,False,False,False
3,addition,multiplication,0.00037693330445008627,422.71061012533175,0.03333333333333333,False,False,False,False,False
3,addition,powers,0.9517076225160115,10.316878714465965,0.16666666666666666,False,True,True,False,False
3,subtraction,addition,0.1563883990705481,107.80322449179025,0.07333333333333333,False,False,False,False,False
3,subtraction,subtraction,0.9984876107757776,0.08570846409001746,0.95,True,True,False,True,False
3,subtraction,multiplication,2.727118555390271e-07,846.1331903071259,0.01,False,False,False,False,False
3,subtraction,powers,0.8984552519259281,23.308942931947314,0.043333333333333335,False,False,False,False,False
3,multiplication,addition,0.0002897875096545657,344.4069547490302,0.03,False,False,False,False,False
3,multiplication,subtraction,3.3856053352701627e-06,791.2353789905695,0.013333333333333334,False,False,False,False,False
3,multiplication,multiplication,0.9926376998895745,0.32115159052234543,0.8266666666666667,False,True,True,False,False
3,multiplication,powers,0.9760129650736333,6.8833888431310255,0.23,False,True,True,False,False
3,powers,addition,0.06516913565912241,181.96507420718385,0.03,False,False,False,False,False
3,powers,subtraction,0.00019775443383877184,523.3530150206129,0.006666666666666667,False,False,False,False,False
3,powers,multiplication,0.007688391403880645,246.0563337917756,0.10666666666666667,False,False,False,False,False
3,powers,powers,0.9969988966696481,0.13825217349439933,0.9233333333333333,True,True,False,True,False
4,addition,addition,0.998343269519725,0.1466878220281407,0.8666666666666667,True,True,False,True,False
4,addition,subtraction,0.15095689955904124,120.012797286263,0.07666666666666666,False,False,False,False,False
4,addition,multiplication,0.00018311706791288254,362.0967997622544,0.023333333333333334,False,False,False,False,False
4,addition,powers,0.935005430020104,9.886517633872325,0.19666666666666666,False,True,True,False,False
4,subtraction,addition,0.16514712846412222,119.87947020779417,0.07,False,False,False,False,False
4,subtraction,subtraction,0.9981415382740456,0.14482933222043415,0.8333333333333334,False,True,True,True,True
4,subtraction,multiplication,4.4704656596709696e-08,787.7264141382063,0.0033333333333333335,False,False,False,False,False
4,subtraction,powers,0.8561593159165183,22.87109890300677,0.06666666666666667,False,False,False,False,False
4,multiplication,addition,0.0027422845761328344,429.44849513824937,0.01,False,False,False,False,False
4,multiplication,subtraction,4.3676899032310914e-07,868.1488663785796,0.013333333333333334,False,False,False,False,False
4,multiplication,multiplication,0.9910592688287863,0.24912011216655658,0.8233333333333334,False,True,True,False,False
4,multiplication,powers,0.9387808418247365,7.077200204467326,0.31,False,True,True,False,False
4,powers,addition,0.09388751083920098,147.61116592709956,0.03333333333333333,False,False,False,False,False
4,powers,subtraction,0.00025135289769878693,516.2670680729457,0.0,False,False,False,False,False
4,powers,multiplication,0.004669546481406325,214.04536047475816,0.06333333333333334,False,False,False,False,False
4,powers,powers,0.9959970087699186,0.28619979369809756,0.8633333333333333,True,True,False,True,False
5,addition,addition,0.9971118858262054,0.14776570786963356,0.8333333333333334,False,True,True,True,True
5,addition,subtraction,0.10893377582973243,110.08097401430918,0.08,False,False,False,False,False
5,addition,multiplication,0.0007375378445704115,358.7627981963129,0.03,False,False,False,False,False
5,addition,powers,0.8693566779449923,7.014852030187189,0.12,False,False,False,False,False
5,subtraction,addition,0.14618723894708588,107.2355394773847,0.12,False,False,False,False,False
5,subtraction,subtraction,0.9976040906673441,0.09718218142489764,0.9066666666666666,True,True,False,True,False
5,subtraction,multiplication,7.634651374228794e-07,765.423795653608,0.01,False,False,False,False,False
5,subtraction,powers,0.7208204305979505,15.692881563224903,0.1,False,False,False,False,False
5,multiplication,addition,0.0006738202563812681,432.5794008648684,0.013333333333333334,False,False,False,False,False
5,multiplication,subtraction,3.5146046760662868e-09,810.4122576548021,0.0,False,False,False,False,False
5,multiplication,multiplication,0.9948400976997278,0.218261711338943,0.84,False,True,True,True,True
5,multiplication,powers,0.9131590720737663,4.903459569731874,0.2833333333333333,False,True,True,False,False
5,powers,addition,0.19128077362898152,110.04137521018303,0.04,False,False,False,False,False
5,powers,subtraction,0.0006838413292290541,381.87642253755564,0.03,False,False,False,False,False
5,powers,multiplication,0.007177798652446477,215.4297670138513,0.1,False,False,False,False,False
5,powers,powers,0.9988960227530895,0.08630376066949975,0.85,True,True,False,True,False
6,addition,addition,0.9977297727738345,0.15975095041034534,0.8266666666666667,False,True,True,True,True
6,addition,subtraction,0.11554497980926387,110.44227836876155,0.06666666666666667,False,False,False,False,False
6,addition,multiplication,0.00012653061159181877,455.4723999361021,0.03666666666666667,False,False,False,False,False
6,addition,powers,0.8664711966753231,7.397653457377412,0.15666666666666668,False,False,False,False,False
6,subtraction,addition,0.17105602313657634,122.10786451280636,0.043333333333333335,False,False,False,False,False
6,subtraction,subtraction,0.9980575772095991,0.13155141653477778,0.82,False,True,True,True,True
6,subtraction,multiplication,1.4089461413929005e-08,928.2655383134571,0.06,False,False,False,False,False
6,subtraction,powers,0.72970683761374,16.088864895497185,0.18,False,False,False,False,False
6,multiplication,addition,0.0047657284617015966,487.3398789652465,0.03333333333333333,False,False,False,False,False
6,multiplication,subtraction,3.331206502639259e-10,715.8559912913913,0.0,False,False,False,False,False
6,multiplication,multiplication,0.993920058285542,0.1827158637723014,0.82,False,True,True,True,True
6,multiplication,powers,0.9086323901240732,5.036582402756252,0.4066666666666667,False,True,True,False,False
6,powers,addition,0.022265348416962077,222.44855883847723,0.056666666666666664,False,False,False,False,False
6,powers,subtraction,1.8835735908649037e-05,650.8405772947681,0.016666666666666666,False,False,False,False,False
6,powers,multiplication,0.004071993358291572,282.97539888447034,0.05,False,False,False,False,False
6,powers,powers,0.9983899210988582,0.14116797191146738,0.8766666666666667,True,True,False,True,False
7,addition,addition,0.9975441471619035,0.1461821027257346,0.8366666666666667,False,True,True,True,True
7,addition,subtraction,0.16991822727276767,111.3600070209434,0.07666666666666666,False,False,False,False,False
7,addition,multiplication,0.03258600736537151,379.08682082036216,0.05,False,False,False,False,False
7,addition,powers,0.9328920515953106,7.4045643263256125,0.18666666666666668,False,True,True,False,False
7,subtraction,addition,0.12494053976917745,117.42822581368047,0.06666666666666667,False,False,False,False,False
7,subtraction,subtraction,0.9980944203499037,0.16079840286251282,0.7966666666666666,False,True,True,True,True
7,subtraction,multiplication,0.0002148909412371455,785.1543653833508,0.0,False,False,False,False,False
7,subtraction,powers,0.8209444191253934,18.21779297712908,0.056666666666666664,False,False,False,False,False
7,multiplication,addition,0.0008832165817726612,343.20196712605724,0.016666666666666666,False,False,False,False,False
7,multiplication,subtraction,3.8756464704608046e-06,823.2305974348615,0.0,False,False,False,False,False
7,multiplication,multiplication,0.9978743803378747,0.26992901966033667,0.8166666666666667,False,True,True,True,True
7,multiplication,powers,0.9599539099594839,4.591515809892282,0.3433333333333333,False,True,True,False,False
7,powers,addition,0.036874671312252784,191.3585395846144,0.03666666666666667,False,False,False,False,False
7,powers,subtraction,6.169534010818262e-05,567.3760219969312,0.03,False,False,False,False,False
7,powers,multiplication,0.09230637734814647,232.5308163002151,0.09333333333333334,False,False,False,False,False
7,powers,powers,0.99780674670901,0.17849641372592004,0.88,True,True,False,True,False
8,addition,addition,0.9972248068074144,0.13289142286977185,0.8533333333333334,True,True,False,True,False
8,addition,subtraction,0.18547612035330616,102.68567009137237,0.11333333333333333,False,False,False,False,False
8,addition,multiplication,0.0004892318227632213,396.94849008333273,0.02,False,False,False,False,False
8,addition,powers,0.788747819233017,12.213018326473552,0.15666666666666668,False,False,False,False,False
8,subtraction,addition,0.12991348419766743,118.5834612820851,0.07,False,False,False,False,False
8,subtraction,subtraction,0.9983308468868113,0.09231131513649651,0.8766666666666667,True,True,False,True,False
8,subtraction,multiplication,1.3262778451141875e-07,850.4190728141948,0.03666666666666667,False,False,False,False,False
8,subtraction,powers,0.6060705274011343,25.909379962491244,0.11666666666666667,False,False,False,False,False
8,multiplication,addition,0.0006875484633733218,348.55626814994963,0.01,False,False,False,False,False
8,multiplication,subtraction,4.178999639466194e-07,838.2840057859252,0.0033333333333333335,False,False,False,False,False
8,multiplication,multiplication,0.9954419100264377,0.3353778977269993,0.8233333333333334,False,True,True,True,True
8,multiplication,powers,0.8652394627481209,7.867210573982621,0.18333333333333332,False,False,False,False,False
8,powers,addition,0.019120801212856968,243.47772218153278,0.03333333333333333,False,False,False,False,False
8,powers,subtraction,2.5531392883260203e-05,608.1017338157936,0.023333333333333334,False,False,False,False,False
8,powers,multiplication,0.013462472205394602,250.64187562941177,0.06666666666666667,False,False,False,False,False
8,powers,powers,0.9967301831473473,0.16148498138760464,0.8866666666666667,True,True,False,True,False
9,addition,addition,0.9980329777051268,0.1344183616478926,0.88,True,True,False,True,False
9,addition,subtraction,0.140356673734941,119.85776817787924,0.07,False,False,False,False,False
9,addition,multiplication,0.0015068858250398465,435.34700710610923,0.01,False,False,False,False,False
9,addition,powers,0.9489653373179322,8.720014907184348,0.20666666666666667,False,True,True,False,False
9,subtraction,addition,0.13722017805854814,132.66526676180436,0.06,False,False,False,False,False
9,subtraction,subtraction,0.9980977443124113,0.10359381936883905,0.8933333333333333,True,True,False,True,False
9,subtraction,multiplication,1.4288934984841123e-06,885.718783460611,0.03,False,False,False,False,False
9,subtraction,powers,0.8519608555604925,18.420880504334722,0.14,False,False,False,False,False
9,multiplication,addition,0.0013530155574512886,468.5310691708985,0.006666666666666667,False,False,False,False,False
9,multiplication,subtraction,7.378754683541578e-06,853.8599431257254,0.0,False,False,False,False,False
9,multiplication,multiplication,0.9959475053838727,0.2511688468252086,0.85,True,True,False,True,False
9,multiplication,powers,0.9693240090962706,5.392676016252042,0.42333333333333334,False,True,True,False,False
9,powers,addition,0.053767394295785774,169.07205768526742,0.03,False,False,False,False,False
9,powers,subtraction,0.00014922111277572222,546.2417156037948,0.016666666666666666,False,False,False,False,False
9,powers,multiplication,0.030520393372198706,250.06793076981586,0.07,False,False,False,False,False
9,powers,powers,0.9972839633904673,0.48374267476142013,0.88,True,True,False,True,False
10,addition,addition,0.9976094371702279,0.15410485127523046,0.83,False,True,True,True,True
10,addition,subtraction,0.20784448738120592,105.90678303006446,0.10333333333333333,False,False,False,False,False
10,addition,multiplication,0.00015660343260695815,400.66018281736075,0.03,False,False,False,False,False
10,addition,powers,0.8402011731091829,10.710631233058882,0.05333333333333334,False,False,False,False,False
10,subtraction,addition,0.14518976470415093,126.11728808188337,0.06666666666666667,False,False,False,False,False
10,subtraction,subtraction,0.9972813314824428,0.13584774625931367,0.8733333333333333,True,True,False,True,False
10,subtraction,multiplication,2.4886415871728493e-08,847.8310261487007,0.013333333333333334,False,False,False,False,False
10,subtraction,powers,0.6701570126694375,23.87406624721647,0.056666666666666664,False,False,False,False,False
10,multiplication,addition,0.0004222189558388598,490.919744663741,0.03333333333333333,False,False,False,False,False
10,multiplication,subtraction,2.1929978753247255e-05,743.6049674556652,0.0,False,False,False,False,False
10,multiplication,multiplication,0.9873998454093516,0.6156376039769966,0.8133333333333334,False,True,True,False,False
10,multiplication,powers,0.8976200162824879,6.528127771016606,0.24666666666666667,False,False,False,False,False
10,powers,addition,0.06782276295364906,173.60111085479022,0.03333333333333333,False,False,False,False,False
10,powers,subtraction,0.00013696686461377072,511.5557613267274,0.006666666666666667,False,False,False,False,False
10,powers,multiplication,0.004671572498712693,255.90861290481777,0.07333333333333333,False,False,False,False,False
10,powers,powers,0.9964754147639089,0.19644527548564644,0.8533333333333334,True,True,False,True,False
11,addition,addition,0.9971213156337102,0.1365052545438654,0.82,False,True,True,True,True
11,addition,subtraction,0.14606716606720224,110.50955145794406,0.11,False,False,False,False,False
11,addition,multiplication,0.00022715325595228515,399.29917398312654,0.03333333333333333,False,False,False,False,False
11,addition,powers,0.820848952205835,8.192510895348015,0.11333333333333333,False,False,False,False,False
11,subtraction,addition,0.17040998774275698,112.89987494533526,0.09,False,False,False,False,False
11,subtraction,subtraction,0.9978327777470596,0.13049327143436976,0.9033333333333333,True,True,False,True,False
11,subtraction,multiplication,3.739914182258122e-08,808.6134250508479,0.01,False,False,False,False,False
11,subtraction,powers,0.6363642104705258,18.939421679585653,0.05333333333333334,False,False,False,False,False
11,multiplication,addition,0.001644528638432477,382.86536804401084,0.03666666666666667,False,False,False,False,False
11,multiplication,subtraction,2.575674612506494e-06,828.9291502529278,0.01,False,False,False,False,False
11,multiplication,multiplication,0.9955934739033063,0.20177781477153447,0.8866666666666667,True,True,False,True,False
11,multiplication,powers,0.8890554794545733,4.845575294659079,0.23333333333333334,False,False,False,False,False
11,powers,addition,0.03646803188639351,171.11513822111093,0.023333333333333334,False,False,False,False,False
11,powers,subtraction,9.87223082798069e-05,513.559377083772,0.013333333333333334,False,False,False,False,False
11,powers,multiplication,0.004303759313954189,278.5321105372457,0.09,False,False,False,False,False
11,powers,powers,0.9969493952486075,0.2000682417079834,0.8733333333333333,True,True,False,True,False
12,addition,addition,0.9964457063960537,0.17955416925720732,0.7666666666666667,False,True,True,True,True
12,addition,subtraction,0.17700957672802117,122.42028487775751,0.08333333333333333,False,False,False,False,False
12,addition,multiplication,0.00033045160032472634,310.77566153576635,0.043333333333333335,False,False,False,False,False
12,addition,powers,0.8860744126130389,9.356119808754986,0.12666666666666668,False,False,False,False,False
12,subtraction,addition,0.20081555064991208,112.17340901675627,0.06333333333333334,False,False,False,False,False
12,subtraction,subtraction,0.9983760323891898,0.13831995571255395,0.81,False,True,True,True,True
12,subtraction,multiplication,1.5237154993713419e-07,658.8265072218278,0.01,False,False,False,False,False
12,subtraction,powers,0.7673358893789449,20.07549011354807,0.06333333333333334,False,False,False,False,False
12,multiplication,addition,0.0013533305041515586,372.9819352122656,0.006666666666666667,False,False,False,False,False
12,multiplication,subtraction,2.3204108670527711e-07,877.7636405640405,0.01,False,False,False,False,False
12,multiplication,multiplication,0.9950376254456744,0.2899449051878422,0.8733333333333333,True,True,False,True,False
12,multiplication,powers,0.9290027182743401,5.877691056761576,0.27666666666666667,False,True,True,False,False
12,powers,addition,0.03882723554048212,207.7143177808748,0.013333333333333334,False,False,False,False,False
12,powers,subtraction,0.00012264980984539757,578.6105999672654,0.006666666666666667,False,False,False,False,False
12,powers,multiplication,0.006107842095437587,207.2394764548449,0.05333333333333334,False,False,False,False,False
12,powers,powers,0.9979366612154861,0.10909900024263576,0.8733333333333333,True,True,False,True,False
13,addition,addition,0.9979214004905536,0.16888446962943596,0.8133333333333334,False,True,True,True,True
13,addition,subtraction,0.1892018472817161,116.2860474767618,0.06333333333333334,False,False,False,False,False
13,addition,multiplication,0.010306366362567636,360.03039127467764,0.04666666666666667,False,False,False,False,False
13,addition,powers,0.8011561964885187,8.614956430648387,0.15,False,False,False,False,False
13,subtraction,addition,0.11095525277627802,117.77235218393983,0.04,False,False,False,False,False
13,subtraction,subtraction,0.9976219757278469,0.12076403374131814,0.88,True,True,False,True,False
13,subtraction,multiplication,1.6371072241026972e-05,769.5056881923475,0.05,False,False,False,False,False
13,subtraction,powers,0.6294244172828636,18.83385439053676,0.2,False,False,False,False,False
13,multiplication,addition,0.0013743684449014704,459.7741576754695,0.02,False,False,False,False,False
13,multiplication,subtraction,2.0823647325086756e-06,910.4402490045512,0.0,False,False,False,False,False
13,multiplication,multiplication,0.9981479169020341,0.16562630943745235,0.8333333333333334,False,True,True,True,True
13,multiplication,powers,0.8707517305025838,5.440534712765346,0.21666666666666667,False,False,False,False,False
13,powers,addition,0.014213302093444881,213.83701007815048,0.04666666666666667,False,False,False,False,False
13,powers,subtraction,4.623330893764263e-05,644.8713699754084,0.013333333333333334,False,False,False,False,False
13,powers,multiplication,0.03474840357684086,213.29060133860523,0.09333333333333334,False,False,False,False,False
13,powers,powers,0.9968785633111031,0.14743332605155476,0.89,True,True,False,True,False
14,addition,addition,0.9976860714007074,0.12694903176120279,0.8966666666666666,True,True,False,True,False
14,addition,subtraction,0.12076588820950208,121.42930972446798,0.1,False,False,False,False,False
14,addition,multiplication,0.002134795032679823,310.8566431348132,0.006666666666666667,False,False,False,False,False
14,addition,powers,0.9347833249847002,8.00998824961459,0.2,False,True,True,False,False
14,subtraction,addition,0.14151789986251195,113.41681013716882,0.11333333333333333,False,False,False,False,False
14,subtraction,subtraction,0.9984559575704,0.10513726492083714,0.8966666666666666,True,True,False,True,False
14,subtraction,multiplication,1.145676605980226e-06,672.2488088147794,0.016666666666666666,False,False,False,False,False
14,subtraction,powers,0.8386780187373534,19.164618986950757,0.06,False,False,False,False,False
14,multiplication,addition,0.008438585437153234,387.6683092770818,0.0033333333333333335,False,False,False,False,False
14,multiplication,subtraction,3.15218989328462e-07,885.7750585247754,0.006666666666666667,False,False,False,False,False
14,multiplication,multiplication,0.997509715860853,0.4684123356601877,0.8133333333333334,False,True,True,True,True
14,multiplication,powers,0.9608292320495225,5.021619243689217,0.29333333333333333,False,True,True,False,False
14,powers,addition,0.1755852261478662,92.927333315739,0.043333333333333335,False,False,False,False,False
14,powers,subtraction,0.0007419723541974877,389.7738028834253,0.023333333333333334,False,False,False,False,False
14,powers,multiplication,0.0324279016480635,199.9084808423864,0.09333333333333334,False,False,False,False,False
14,powers,powers,0.9897940402543091,0.5119233208910142,0.79,False,True,True,False,False
