domain,pair,relatedness_label,source_task,target_task,seed,relatedness_score,solve_accuracy,parent_epochs,parent_reached,pair_valid,clone_epochs,clone_success,scratch_epochs,scratch_success,speedup,clone_heldout_mse,scratch_heldout_mse
nonnegative,multiplication->powers,moderate/strong,multiplication,powers,0,0.8976200162824879,0.265625,1198,True,True,338.0,True,450.0,True,1.331360946745562,0.09469732908535394,0.1797299017143764
nonnegative,multiplication->powers,moderate/strong,multiplication,powers,1,0.9137010384883438,0.28125,1106,True,True,269.0,True,444.0,True,1.6505576208178439,0.13460324998827972,0.129424617503496
nonnegative,multiplication->powers,moderate/strong,multiplication,powers,2,0.9345431735216045,0.140625,1147,True,True,219.0,True,492.0,True,2.2465753424657535,0.16841271166295083,0.16599660790897958
nonnegative,multiplication->powers,moderate/strong,multiplication,powers,3,0.9460029817439195,0.359375,1129,True,True,375.0,True,593.0,True,1.5813333333333333,0.10865247617951752,0.08397699286894507
nonnegative,multiplication->powers,moderate/strong,multiplication,powers,4,0.8795721045475224,0.140625,1240,True,True,168.0,True,426.0,True,2.5357142857142856,0.182156088136773,0.2283492196303885
nonnegative,multiplication->powers,moderate/strong,multiplication,powers,5,0.9163230025642682,0.140625,1236,True,True,169.0,True,484.0,True,2.863905325443787,0.24066034107316284,0.1399871361114617
nonnegative,multiplication->powers,moderate/strong,multiplication,powers,6,0.9302280540915411,0.375,1061,True,True,170.0,True,490.0,True,2.8823529411764706,0.3099946523332571,0.28632848384628473
nonnegative,multiplication->powers,moderate/strong,multiplication,powers,7,0.9122702750762869,0.15625,937,True,True,241.0,True,430.0,True,1.7842323651452283,0.1429799024551512,0.4210024945289175
nonnegative,multiplication->powers,moderate/strong,multiplication,powers,8,0.8997940367823097,0.34375,1226,True,True,180.0,True,458.0,True,2.5444444444444443,0.21412459179802848,0.20515294711507284
nonnegative,multiplication->powers,moderate/strong,multiplication,powers,9,0.9444232132335189,0.125,1309,True,True,360.0,True,481.0,True,1.336111111111111,0.10142359651846242,0.13915531331043704
nonnegative,multiplication->powers,moderate/strong,multiplication,powers,10,0.9328442443000745,0.078125,1338,True,True,206.0,True,473.0,True,2.296116504854369,0.16299637529472483,0.13609157261280022
nonnegative,multiplication->powers,moderate/strong,multiplication,powers,11,0.8610249423177205,0.359375,1497,True,True,207.0,True,430.0,True,2.077294685990338,0.2203463278447462,0.19944998428226962
nonnegative,multiplication->powers,moderate/strong,multiplication,powers,12,0.9164796800365056,0.140625,906,True,True,218.0,True,519.0,True,2.3807339449541285,0.12680183911710047,0.10181500879772307
nonnegative,multiplication->powers,moderate/strong,multiplication,powers,13,0.9221601466346475,0.28125,1253,True,True,163.0,True,460.0,True,2.8220858895705523,0.18543048178635366,0.14058533028463133
nonnegative,multiplication->powers,moderate/strong,multiplication,powers,14,0.8644875617310883,0.3125,1192,True,True,257.0,True,583.0,True,2.2684824902723735,0.12136026517756854,0.14839053780384198
nonnegative,multiplication->squares,strong (structural),multiplication,squares,0,4.9998498859246295e-05,0.203125,1198,True,True,1264.0,True,1500.0,False,1.1867088607594938,0.195326837808967,0.1832844006366746
nonnegative,multiplication->squares,strong (structural),multiplication,squares,1,1.3052458807138177e-05,0.1875,1106,True,True,1306.0,True,1500.0,False,1.1485451761102603,0.13232626616957793,0.16080415074335383
nonnegative,multiplication->squares,strong (structural),multiplication,squares,2,6.571725604008263e-05,0.140625,1147,True,True,1189.0,True,1479.0,True,1.2439024390243902,0.23313585149354585,0.3190571575877839
nonnegative,multiplication->squares,strong (structural),multiplication,squares,3,0.0005694889174825949,0.125,1129,True,True,1309.0,True,1500.0,False,1.145912910618793,0.16413162110189258,0.18241806406146618
nonnegative,multiplication->squares,strong (structural),multiplication,squares,4,0.0024192843199749986,0.171875,1240,True,True,1302.0,True,1500.0,False,1.152073732718894,0.23490497848606642,0.14784661341253
nonnegative,multiplication->squares,strong (structural),multiplication,squares,5,0.00107656206981835,0.15625,1236,True,True,1264.0,True,1500.0,False,1.1867088607594938,0.22293501239095836,0.31921024706316076
nonnegative,multiplication->squares,strong (structural),multiplication,squares,6,0.00041819304431865186,0.109375,1061,True,True,1247.0,True,1500.0,False,1.202886928628709,0.13380222468785122,0.14038045176547384
nonnegative,multiplication->squares,strong (structural),multiplication,squares,7,1.1371695671603177e-05,0.109375,937,True,True,1019.0,True,1500.0,False,1.4720314033366044,0.1751970547153692,0.1759559976227028
nonnegative,multiplication->squares,strong (structural),multiplication,squares,8,0.0031521865200513535,0.1875,1226,True,True,1303.0,True,1500.0,False,1.1511895625479662,0.20735036894044603,0.33019120470082114
nonnegative,multiplication->squares,strong (structural),multiplication,squares,9,0.00010194213700647002,0.03125,1309,True,True,1409.0,True,1500.0,False,1.0645848119233499,0.17397048655428032,0.18563939417712302
nonnegative,multiplication->squares,strong (structural),multiplication,squares,10,0.0001782301221519562,0.09375,1338,True,True,1149.0,True,1500.0,False,1.3054830287206267,0.28026093901499605,0.21471304328493213
nonnegative,multiplication->squares,strong (structural),multiplication,squares,11,8.577481334809808e-05,0.109375,1497,True,True,872.0,True,1500.0,False,1.7201834862385321,0.1549275043885584,0.2029127984919917
nonnegative,multiplication->squares,strong (structural),multiplication,squares,12,7.28720498560347e-05,0.140625,906,True,True,1328.0,True,1500.0,False,1.1295180722891567,0.13940536482026328,0.14835805834069157
nonnegative,multiplication->squares,strong (structural),multiplication,squares,13,0.00010562894958078062,0.09375,1253,True,True,1155.0,True,1500.0,False,1.2987012987012987,0.1262018597619167,0.1532047758442233
nonnegative,multiplication->squares,strong (structural),multiplication,squares,14,0.0002339743976350725,0.109375,1192,True,True,1474.0,True,1431.0,True,0.9708276797829036,0.13749879941419277,0.18417773366380538
nonnegative,addition->subtraction,weak,addition,subtraction,0,0.20784448738120592,0.09375,306,True,True,104.0,True,25.0,True,0.2403846153846154,0.22235240652322044,0.1881321625220392
nonnegative,addition->subtraction,weak,addition,subtraction,1,0.1508254960949087,0.078125,353,True,True,98.0,True,23.0,True,0.23469387755102042,0.1315592606951439,0.13071280261573245
nonnegative,addition->subtraction,weak,addition,subtraction,2,0.19972585392916126,0.015625,263,True,True,116.0,True,48.0,True,0.41379310344827586,0.10295501163538574,0.131311495373871
nonnegative,addition->subtraction,weak,addition,subtraction,3,0.1640338088811101,0.09375,263,True,True,92.0,True,43.0,True,0.4673913043478261,0.15298959701291592,0.1397887091170446
nonnegative,addition->subtraction,weak,addition,subtraction,4,0.11549168879874804,0.109375,249,True,True,95.0,True,42.0,True,0.4421052631578947,0.1451453630695606,0.13478021248038258
nonnegative,addition->subtraction,weak,addition,subtraction,5,0.12422248986261557,0.03125,255,True,True,98.0,True,41.0,True,0.41836734693877553,0.1603028166042321,0.10228277888466351
nonnegative,addition->subtraction,weak,addition,subtraction,6,0.1861616066708966,0.09375,304,True,True,85.0,True,28.0,True,0.32941176470588235,0.10890868931044034,0.1713607901199885
nonnegative,addition->subtraction,weak,addition,subtraction,7,0.11494235767143884,0.09375,270,True,True,90.0,True,43.0,True,0.4777777777777778,0.11447215548566286,0.14247103718004378
nonnegative,addition->subtraction,weak,addition,subtraction,8,0.14916616853436368,0.09375,301,True,True,106.0,True,52.0,True,0.49056603773584906,0.221255193648059,0.08847804300674257
nonnegative,addition->subtraction,weak,addition,subtraction,9,0.19809804374179565,0.0625,243,True,True,100.0,True,41.0,True,0.41,0.15376062339437563,0.13505833578122198
nonnegative,addition->subtraction,weak,addition,subtraction,10,0.18200081674077973,0.03125,317,True,True,83.0,True,48.0,True,0.5783132530120482,0.11443447048124895,0.13202909258696796
nonnegative,addition->subtraction,weak,addition,subtraction,11,0.12193445439200981,0.046875,274,True,True,104.0,True,42.0,True,0.40384615384615385,0.1638940450943658,0.09034493950563338
nonnegative,addition->subtraction,weak,addition,subtraction,12,0.1555602675795453,0.015625,345,True,True,89.0,True,40.0,True,0.449438202247191,0.12830147298035213,0.08539401209897046
nonnegative,addition->subtraction,weak,addition,subtraction,13,0.13370112094047623,0.046875,354,True,True,95.0,True,25.0,True,0.2631578947368421,0.22749901630205527,0.20197416390969886
nonnegative,addition->subtraction,weak,addition,subtraction,14,0.16336908139673134,0.03125,282,True,True,95.0,True,47.0,True,0.49473684210526314,0.0995967314675828,0.10041280113936404
nonnegative,addition->multiplication,null/unrelated,addition,multiplication,0,0.00015660343260695815,0.0625,306,True,True,975.0,True,1198.0,True,1.2287179487179487,0.6331268115812837,0.690331860532455
nonnegative,addition->multiplication,null/unrelated,addition,multiplication,1,0.0014785083378363283,0.0,353,True,True,1022.0,True,1106.0,True,1.082191780821918,1.0956088822828447,1.5973114446869336
nonnegative,addition->multiplication,null/unrelated,addition,multiplication,2,0.00037230107250842267,0.015625,263,True,True,1113.0,True,1147.0,True,1.0305480682839174,0.23496886874185444,0.28624626150905585
nonnegative,addition->multiplication,null/unrelated,addition,multiplication,3,0.0010532974970248066,0.015625,263,True,True,1037.0,True,1129.0,True,1.0887174541947926,0.21371008855483567,0.24454649523301825
nonnegative,addition->multiplication,null/unrelated,addition,multiplication,4,8.007543582360042e-05,0.015625,249,True,True,958.0,True,1240.0,True,1.2943632567849688,0.3873925421991126,0.45997207392453315
nonnegative,addition->multiplication,null/unrelated,addition,multiplication,5,0.0003307544355961136,0.046875,255,True,True,887.0,True,1236.0,True,1.3934611048478016,0.33974002025910477,0.4463093006417618
nonnegative,addition->multiplication,null/unrelated,addition,multiplication,6,0.0030527968772926127,0.0,304,True,True,1113.0,True,1061.0,True,0.9532794249775381,0.261942743574608,0.37602833362790006
nonnegative,addition->multiplication,null/unrelated,addition,multiplication,7,0.00970544644231267,0.015625,270,True,True,859.0,True,937.0,True,1.090803259604191,0.5498934264919212,0.8738898418497445
nonnegative,addition->multiplication,null/unrelated,addition,multiplication,8,0.001247573195280579,0.015625,301,True,True,1004.0,True,1226.0,True,1.2211155378486056,0.27341863310113695,0.35971832891987643
nonnegative,addition->multiplication,null/unrelated,addition,multiplication,9,0.0018162484130577205,0.046875,243,True,True,1185.0,True,1309.0,True,1.1046413502109704,0.22145013988061715,0.3185785378601287
nonnegative,addition->multiplication,null/unrelated,addition,multiplication,10,0.0001937620717569135,0.015625,317,True,True,972.0,True,1338.0,True,1.376543209876543,0.35712871851723593,0.25699206781189277
nonnegative,addition->multiplication,null/unrelated,addition,multiplication,11,0.003412242073899912,0.046875,274,True,True,1302.0,True,1497.0,True,1.1497695852534562,0.1881519775544381,0.20479553294001515
nonnegative,addition->multiplication,null/unrelated,addition,multiplication,12,0.0005451633683976735,0.046875,345,True,True,939.0,True,906.0,True,0.9648562300319489,0.30434466746046024,0.6105417045786219
nonnegative,addition->multiplication,null/unrelated,addition,multiplication,13,0.01899690086103693,0.03125,354,True,True,1251.0,True,1253.0,True,1.0015987210231814,0.18739920837815505,0.2697193779828519
nonnegative,addition->multiplication,null/unrelated,addition,multiplication,14,0.002647408122108649,0.03125,282,True,True,995.0,True,1192.0,True,1.1979899497487436,0.27947187400363077,0.2996738945661834
signed,multiplication->powers,moderate/strong,multiplication,powers,0,,,1500,False,False,,,,,,,
signed,multiplication->powers,moderate/strong,multiplication,powers,1,,,1500,False,False,,,,,,,
signed,multiplication->powers,moderate/strong,multiplication,powers,2,,,1500,False,False,,,,,,,
signed,multiplication->powers,moderate/strong,multiplication,powers,3,0.27366979757905463,0.34375,1223,True,True,1073.0,True,664.0,True,0.6188257222739981,0.5663246684767862,0.7190849664190954
signed,multiplication->powers,moderate/strong,multiplication,powers,4,,,1500,False,False,,,,,,,
signed,multiplication->powers,moderate/strong,multiplication,powers,5,0.5283324665794317,0.25,1432,True,True,676.0,True,526.0,True,0.7781065088757396,0.558690127148065,0.5614272269127798
signed,multiplication->powers,moderate/strong,multiplication,powers,6,,,1500,False,False,,,,,,,
signed,multiplication->powers,moderate/strong,multiplication,powers,7,,,1500,False,False,,,,,,,
signed,multiplication->powers,moderate/strong,multiplication,powers,8,,,1500,False,False,,,,,,,
signed,multiplication->powers,moderate/strong,multiplication,powers,9,,,1500,False,False,,,,,,,
signed,multiplication->powers,moderate/strong,multiplication,powers,10,0.6332007212043794,0.375,1371,True,True,1114.0,True,634.0,True,0.5691202872531418,0.18017121905154068,0.12801034786388238
signed,multiplication->powers,moderate/strong,multiplication,powers,11,0.38835616538352213,0.5,1495,True,True,597.0,True,545.0,True,0.9128978224455612,0.4880506472922044,0.3859461194766905
signed,multiplication->powers,moderate/strong,multiplication,powers,12,,,1500,False,False,,,,,,,
signed,multiplication->powers,moderate/strong,multiplication,powers,13,,,1500,False,False,,,,,,,
signed,multiplication->powers,moderate/strong,multiplication,powers,14,0.4492328544328992,0.453125,1490,True,True,1045.0,True,665.0,True,0.6363636363636364,0.40703712287241883,0.2705382686289222
signed,multiplication->squares,strong (structural),multiplication,squares,0,,,1500,False,False,,,,,,,
signed,multiplication->squares,strong (structural),multiplication,squares,1,,,1500,False,False,,,,,,,
signed,multiplication->squares,strong (structural),multiplication,squares,2,,,1500,False,False,,,,,,,
signed,multiplication->squares,strong (structural),multiplication,squares,3,1.0841269062689946e-21,0.0625,1223,True,True,1500.0,False,1500.0,False,1.0,0.4250039413745113,73.53834783512902
signed,multiplication->squares,strong (structural),multiplication,squares,4,,,1500,False,False,,,,,,,
signed,multiplication->squares,strong (structural),multiplication,squares,5,4.67189140890397e-20,0.140625,1432,True,True,1500.0,False,1500.0,False,1.0,0.4748643380553521,7.584516845764895
signed,multiplication->squares,strong (structural),multiplication,squares,6,,,1500,False,False,,,,,,,
signed,multiplication->squares,strong (structural),multiplication,squares,7,,,1500,False,False,,,,,,,
signed,multiplication->squares,strong (structural),multiplication,squares,8,,,1500,False,False,,,,,,,
signed,multiplication->squares,strong (structural),multiplication,squares,9,,,1500,False,False,,,,,,,
signed,multiplication->squares,strong (structural),multiplication,squares,10,1.5759207593814683e-16,0.078125,1371,True,True,1500.0,False,1500.0,False,1.0,0.5864490043933663,83.32556827931357
signed,multiplication->squares,strong (structural),multiplication,squares,11,4.618111062488056e-20,0.109375,1495,True,True,1299.0,True,1500.0,False,1.1547344110854503,0.32053000259629416,6.5615942525021005
signed,multiplication->squares,strong (structural),multiplication,squares,12,,,1500,False,False,,,,,,,
signed,multiplication->squares,strong (structural),multiplication,squares,13,,,1500,False,False,,,,,,,
signed,multiplication->squares,strong (structural),multiplication,squares,14,2.339922128177592e-16,0.0625,1490,True,True,1500.0,False,1500.0,False,1.0,0.1528212694754463,87.10975561396192
signed,addition->subtraction,weak,addition,subtraction,0,0.20223030290546012,0.046875,109,True,True,132.0,True,105.0,True,0.7954545454545454,0.42434635053444036,0.2891014521106566
signed,addition->subtraction,weak,addition,subtraction,1,0.13444717220060326,0.03125,110,True,True,128.0,True,106.0,True,0.828125,0.2987937192028733,0.21381931985851263
signed,addition->subtraction,weak,addition,subtraction,2,0.17673359715937031,0.0625,111,True,True,76.0,True,115.0,True,1.513157894736842,0.13458934116619645,0.17245454367615531
signed,addition->subtraction,weak,addition,subtraction,3,0.08588979322253663,0.078125,136,True,True,114.0,True,107.0,True,0.9385964912280702,0.14294394864246235,0.16150946478734166
signed,addition->subtraction,weak,addition,subtraction,4,0.14098237158828206,0.046875,99,True,True,118.0,True,109.0,True,0.923728813559322,0.28294865869151076,0.25998909524558406
signed,addition->subtraction,weak,addition,subtraction,5,0.11477061521037696,0.078125,113,True,True,126.0,True,110.0,True,0.873015873015873,0.28153887455643023,0.23478091732961986
signed,addition->subtraction,weak,addition,subtraction,6,0.19635104012634708,0.0625,121,True,True,141.0,True,118.0,True,0.8368794326241135,0.20615932535886944,0.17417065522148936
signed,addition->subtraction,weak,addition,subtraction,7,0.16640186988026937,0.015625,95,True,True,129.0,True,91.0,True,0.7054263565891473,0.261790787531215,0.3902549193452471
signed,addition->subtraction,weak,addition,subtraction,8,0.12213286263705328,0.015625,122,True,True,114.0,True,97.0,True,0.8508771929824561,0.18185843244061933,0.16742130908155256
signed,addition->subtraction,weak,addition,subtraction,9,0.19205364509514194,0.0625,96,True,True,160.0,True,160.0,True,1.0,0.2141837291633222,0.18866923287459025
signed,addition->subtraction,weak,addition,subtraction,10,0.13980305579079388,0.03125,124,True,True,124.0,True,139.0,True,1.1209677419354838,0.18776370734406203,0.14656843393087546
signed,addition->subtraction,weak,addition,subtraction,11,0.10786086964290999,0.03125,119,True,True,128.0,True,136.0,True,1.0625,0.21564169312468423,0.17865436203168977
signed,addition->subtraction,weak,addition,subtraction,12,0.14127143820240515,0.109375,121,True,True,197.0,True,217.0,True,1.101522842639594,0.18798023083151594,0.18006191671697494
signed,addition->subtraction,weak,addition,subtraction,13,0.16206198738639205,0.0625,119,True,True,112.0,True,159.0,True,1.4196428571428572,0.3016525746275825,0.18016189437243268
signed,addition->subtraction,weak,addition,subtraction,14,0.13331797508094848,0.015625,137,True,True,105.0,True,110.0,True,1.0476190476190477,0.1589035375321292,0.1522342557001399
signed,addition->multiplication,null/unrelated,addition,multiplication,0,3.1146127202105276e-07,0.015625,109,True,True,1500.0,False,1500.0,False,1.0,0.28906761069559184,0.4284740335294803
signed,addition->multiplication,null/unrelated,addition,multiplication,1,1.4308534708425336e-07,0.015625,110,True,True,1176.0,True,1500.0,False,1.2755102040816326,2.218664111210595,2.651597497309582
signed,addition->multiplication,null/unrelated,addition,multiplication,2,6.895657848673047e-10,0.0,111,True,True,1328.0,True,1500.0,False,1.1295180722891567,0.4523084555271474,0.39032484162201103
signed,addition->multiplication,null/unrelated,addition,multiplication,3,1.0698162349699742e-09,0.0,136,True,True,1103.0,True,1223.0,True,1.1087941976427924,1.4238104848600697,1.2570616767701468
signed,addition->multiplication,null/unrelated,addition,multiplication,4,5.2945387688892594e-08,0.015625,99,True,True,1422.0,True,1500.0,False,1.0548523206751055,2.2385450811104888,6.9275667156651135
signed,addition->multiplication,null/unrelated,addition,multiplication,5,2.1320491623144847e-09,0.0,113,True,True,1239.0,True,1432.0,True,1.155770782889427,0.6865772231433599,0.7805991647761952
signed,addition->multiplication,null/unrelated,addition,multiplication,6,3.931975928107134e-06,0.0,121,True,True,1260.0,True,1500.0,False,1.1904761904761905,0.9292660177445612,1.1027946557165962
signed,addition->multiplication,null/unrelated,addition,multiplication,7,5.801014550534233e-08,0.0,95,True,True,1338.0,True,1500.0,False,1.1210762331838564,0.7165701262743879,1.7972354170689766
signed,addition->multiplication,null/unrelated,addition,multiplication,8,8.59192484607076e-07,0.0,122,True,True,1314.0,True,1500.0,False,1.1415525114155252,2.638145501887372,1.8500919416670103
signed,addition->multiplication,null/unrelated,addition,multiplication,9,2.1920891742180595e-08,0.015625,96,True,True,1385.0,True,1500.0,False,1.0830324909747293,0.8088070491422743,0.9960908097292362
signed,addition->multiplication,null/unrelated,addition,multiplication,10,1.502310832609649e-06,0.0,124,True,True,1217.0,True,1371.0,True,1.1265406737880033,2.010196304061823,2.2641070038320623
signed,addition->multiplication,null/unrelated,addition,multiplication,11,4.71817387919603e-08,0.0,119,True,True,1360.0,True,1495.0,True,1.099264705882353,0.5674458915491011,0.427699751988659
signed,addition->multiplication,null/unrelated,addition,multiplication,12,4.8801595044960195e-09,0.015625,121,True,True,1094.0,True,1500.0,False,1.3711151736745886,5.63491786483507,7.257498700532275
signed,addition->multiplication,null/unrelated,addition,multiplication,13,6.009608785427627e-08,0.015625,119,True,True,1147.0,True,1500.0,False,1.3077593722755012,1.8025324238830462,1.064230676324067
signed,addition->multiplication,null/unrelated,addition,multiplication,14,2.689912162230334e-08,0.015625,137,True,True,1008.0,True,1490.0,True,1.4781746031746033,3.2196655768294846,1.6599343363798902
