task,quadrant,n,mean_abs_error,accuracy_tol_0.5,pair,seed
powers,"negative base, even exponent",593,0.5709230303354099,0.7386172006745363,multiplication->powers,3
powers,"negative base, odd exponent",306,1.0886350225920438,0.5130718954248366,multiplication->powers,3
powers,positive base,1101,0.11082855644043774,1.0,multiplication->powers,3
powers,"negative base, even exponent",596,0.5247306966028802,0.62751677852349,multiplication->powers,5
powers,"negative base, odd exponent",277,0.8099126605424536,0.7617328519855595,multiplication->powers,5
powers,positive base,1127,0.1634851249836245,1.0,multiplication->powers,5
powers,"negative base, even exponent",578,0.4114630274069146,0.8615916955017301,multiplication->powers,10
powers,"negative base, odd exponent",280,0.42012952521813046,0.75,multiplication->powers,10
powers,positive base,1142,0.30026654096323885,0.9378283712784589,multiplication->powers,10
powers,"negative base, even exponent",621,0.36490045557485035,0.7552334943639292,multiplication->powers,11
powers,"negative base, odd exponent",280,1.1240615732568224,0.49642857142857144,multiplication->powers,11
powers,positive base,1099,0.1856463042982225,1.0,multiplication->powers,11
powers,"negative base, even exponent",589,0.4922791354830467,0.735144312393888,multiplication->powers,14
powers,"negative base, odd exponent",278,0.6041248049454646,0.7841726618705036,multiplication->powers,14
powers,positive base,1133,0.17443862677231342,1.0,multiplication->powers,14
squares,negative base,939,0.41187882967611306,0.7667731629392971,multiplication->squares,3
squares,positive base,1061,0.5414190113387088,0.6691800188501413,multiplication->squares,3
squares,negative base,933,0.4185797505127708,0.8370846730975349,multiplication->squares,5
squares,positive base,1067,0.5283562682667209,0.6410496719775071,multiplication->squares,5
squares,negative base,948,0.46927407423091483,0.7710970464135021,multiplication->squares,10
squares,positive base,1052,0.48884764493693267,0.6758555133079848,multiplication->squares,10
squares,negative base,956,0.3751715416144979,0.8106694560669456,multiplication->squares,11
squares,positive base,1044,0.42383658208103386,0.75,multiplication->squares,11
squares,negative base,946,0.26846749984844903,0.8033826638477801,multiplication->squares,14
squares,positive base,1054,0.3321579673118822,0.8586337760910816,multiplication->squares,14
subtraction,"(+,+)",547,0.20512258858988777,0.9597806215722121,addition->subtraction,0
subtraction,"(+,-)",482,0.5653621504610722,0.5477178423236515,addition->subtraction,0
subtraction,"(-,+)",512,0.48338315226465467,0.765625,addition->subtraction,0
subtraction,"(-,-)",459,0.18427693822546076,0.9891067538126361,addition->subtraction,0
subtraction,"(+,+)",559,0.20619236503811444,0.9481216457960644,addition->subtraction,1
subtraction,"(+,-)",489,0.5337769313820772,0.5848670756646217,addition->subtraction,1
subtraction,"(-,+)",468,0.5292377467332047,0.6730769230769231,addition->subtraction,1
subtraction,"(-,-)",484,0.16945997156951542,1.0,addition->subtraction,1
subtraction,"(+,+)",574,0.13201964627847285,1.0,addition->subtraction,2
subtraction,"(+,-)",515,0.2708149856443712,0.8446601941747572,addition->subtraction,2
subtraction,"(-,+)",483,0.3971434447529824,0.6273291925465838,addition->subtraction,2
subtraction,"(-,-)",428,0.35301777516966004,0.8107476635514018,addition->subtraction,2
subtraction,"(+,+)",547,0.22860925038284532,0.9561243144424132,addition->subtraction,3
subtraction,"(+,-)",477,0.4071169597805625,0.6666666666666666,addition->subtraction,3
subtraction,"(-,+)",506,0.3860606115089795,0.7924901185770751,addition->subtraction,3
subtraction,"(-,-)",470,0.14671721359779813,0.9425531914893617,addition->subtraction,3
subtraction,"(+,+)",513,0.20639139099943324,1.0,addition->subtraction,4
subtraction,"(+,-)",524,0.5076896008569666,0.5305343511450382,addition->subtraction,4
subtraction,"(-,+)",481,0.3576282079513938,0.8669438669438669,addition->subtraction,4
subtraction,"(-,-)",482,0.21612045651980497,0.9564315352697096,addition->subtraction,4
subtraction,"(+,+)",566,0.2155171307208407,0.9734982332155477,addition->subtraction,5
subtraction,"(+,-)",495,0.4685715693604531,0.6747474747474748,addition->subtraction,5
subtraction,"(-,+)",517,0.627301952115505,0.562862669245648,addition->subtraction,5
subtraction,"(-,-)",422,0.1890835683083264,1.0,addition->subtraction,5
subtraction,"(+,+)",523,0.25203306233588235,0.9158699808795411,addition->subtraction,6
subtraction,"(+,-)",479,0.33377823388115807,0.8810020876826722,addition->subtraction,6
subtraction,"(-,+)",529,0.5179015619416597,0.5841209829867675,addition->subtraction,6
subtraction,"(-,-)",469,0.2023793336732097,1.0,addition->subtraction,6
subtraction,"(+,+)",526,0.21163807837750834,0.9334600760456274,addition->subtraction,7
subtraction,"(+,-)",480,0.5243294365440553,0.7479166666666667,addition->subtraction,7
subtraction,"(-,+)",502,0.5443592668915066,0.6374501992031872,addition->subtraction,7
subtraction,"(-,-)",492,0.2041321648576897,1.0,addition->subtraction,7
subtraction,"(+,+)",560,0.2996423598054951,0.8357142857142857,addition->subtraction,8
subtraction,"(+,-)",485,0.3889349123193467,0.7402061855670103,addition->subtraction,8
subtraction,"(-,+)",525,0.38394638298089545,0.8495238095238096,addition->subtraction,8
subtraction,"(-,-)",430,0.18034939393163096,1.0,addition->subtraction,8
subtraction,"(+,+)",586,0.2651163157042081,0.9044368600682594,addition->subtraction,9
subtraction,"(+,-)",493,0.37291805781854054,0.8336713995943205,addition->subtraction,9
subtraction,"(-,+)",476,0.45201408631950746,0.6764705882352942,addition->subtraction,9
subtraction,"(-,-)",445,0.22043561226039488,0.9730337078651685,addition->subtraction,9
subtraction,"(+,+)",549,0.17292487257217912,1.0,addition->subtraction,10
subtraction,"(+,-)",531,0.4175493934095309,0.6892655367231638,addition->subtraction,10
subtraction,"(-,+)",485,0.3334680358979103,0.8742268041237113,addition->subtraction,10
subtraction,"(-,-)",435,0.26036488463401125,0.8781609195402299,addition->subtraction,10
subtraction,"(+,+)",519,0.17388524279056422,0.9807321772639692,addition->subtraction,11
subtraction,"(+,-)",487,0.5365331647294138,0.6344969199178645,addition->subtraction,11
subtraction,"(-,+)",550,0.39257526370819495,0.7363636363636363,addition->subtraction,11
subtraction,"(-,-)",444,0.1875284414807944,0.9887387387387387,addition->subtraction,11
subtraction,"(+,+)",535,0.27308428014128555,0.8411214953271028,addition->subtraction,12
subtraction,"(+,-)",498,0.4118253029104166,0.8253012048192772,addition->subtraction,12
subtraction,"(-,+)",508,0.4839502991162124,0.5570866141732284,addition->subtraction,12
subtraction,"(-,-)",459,0.22089939564531008,0.9651416122004357,addition->subtraction,12
subtraction,"(+,+)",568,0.18588526188174948,0.9929577464788732,addition->subtraction,13
subtraction,"(+,-)",518,0.6249738486723541,0.7857142857142857,addition->subtraction,13
subtraction,"(-,+)",490,0.6071677153029165,0.5551020408163265,addition->subtraction,13
subtraction,"(-,-)",424,0.20507886496337216,1.0,addition->subtraction,13
subtraction,"(+,+)",553,0.2699074770199264,1.0,addition->subtraction,14
subtraction,"(+,-)",527,0.46120772227570284,0.5996204933586338,addition->subtraction,14
subtraction,"(-,+)",503,0.377655249308614,0.8946322067594433,addition->subtraction,14
subtraction,"(-,-)",417,0.15657901350014575,1.0,addition->subtraction,14
