seed,strategy,source_task,target_task,epoch_budget,train_mse,validation_mse,test_mse,train_accuracy
0,clone,multiplication,powers,50,1.6650577027785183,1.917666239604983,1.6392020714663185,0.26
0,clone,multiplication,powers,100,0.5196142544702071,0.6379384236723695,0.5932208646180696,0.51
0,clone,multiplication,powers,200,0.17080541815992534,0.2314259164176649,0.21252288255672303,0.905
0,clone,multiplication,powers,400,0.08283836421910333,0.10926207907109156,0.10029468856325839,0.905
0,clone,multiplication,powers,800,0.05498076084673926,0.07038576455276392,0.06639450719312359,0.955
0,clone,multiplication,powers,1200,0.04961354439545456,0.06680650989506735,0.06087428147689342,0.955
0,clone,multiplication,powers,1500,0.03844696580995608,0.0459938121131931,0.044390777409739846,1.0
0,scratch,random,powers,50,8.750873415696246,8.190854508061147,8.316565265192741,0.185
0,scratch,random,powers,100,7.741127870462204,7.777500426479913,7.302723940316261,0.085
0,scratch,random,powers,200,4.4920278068442085,4.710310074114196,4.248180641931343,0.23
0,scratch,random,powers,400,0.2637186874813396,0.3293508953371192,0.2917621315575742,0.865
0,scratch,random,powers,800,0.03742915719063084,0.04725749662430476,0.040688350896679014,1.0
0,scratch,random,powers,1200,0.023990901636465473,0.029173368108370994,0.024571915082051025,1.0
0,scratch,random,powers,1500,0.01874953755348096,0.022682502025696508,0.019168680044172066,1.0
1,clone,multiplication,powers,50,1.3969934685366276,1.596882534341867,1.4670961553027244,0.22
1,clone,multiplication,powers,100,0.5098356825876464,0.5158318661053956,0.5173604787780528,0.635
1,clone,multiplication,powers,200,0.17095473392115623,0.16982799312810148,0.16509493128040367,0.805
1,clone,multiplication,powers,400,0.08392017024518054,0.08302545227082735,0.08098606542305394,0.94
1,clone,multiplication,powers,800,0.04952000558415249,0.0513168336442689,0.050501416338297696,1.0
1,clone,multiplication,powers,1200,0.021270665494853302,0.021825920754196173,0.020599331885214865,1.0
1,clone,multiplication,powers,1500,0.007615678699995092,0.00732161769452651,0.006397123257579823,1.0
1,scratch,random,powers,50,6.139921172847414,8.846651432358101,9.055302646381122,0.155
1,scratch,random,powers,100,5.561458604674508,7.765958568232351,7.64838372278271,0.17
1,scratch,random,powers,200,2.5989280354385254,3.6070165864679766,3.3622095495671926,0.355
1,scratch,random,powers,400,0.2574163300343924,0.27979550905439043,0.2717785799620986,0.74
1,scratch,random,powers,800,0.05613445192751467,0.05505127330453033,0.05244653535057806,1.0
1,scratch,random,powers,1200,0.03777756792299267,0.03865078440340893,0.036574946090761604,1.0
1,scratch,random,powers,1500,0.024929772428395287,0.025858690972776727,0.02392329227661442,1.0
2,clone,multiplication,powers,50,1.6753407313707225,1.6340739537422282,1.4551887871759852,0.14
2,clone,multiplication,powers,100,0.6130341179912923,0.5967271111613897,0.5880323003070063,0.605
2,clone,multiplication,powers,200,0.21078034715306276,0.2013044622262723,0.1945849047020296,0.86
2,clone,multiplication,powers,400,0.09252619953406115,0.08528238788506277,0.08410986484325565,0.925
2,clone,multiplication,powers,800,0.05485200074488219,0.051864505817558505,0.05327343607011899,1.0
2,clone,multiplication,powers,1200,0.036412854143767076,0.03636805716208575,0.03884090695579425,1.0
2,clone,multiplication,powers,1500,0.029158514412857953,0.030556806333690584,0.03326761643841094,1.0
2,scratch,random,powers,50,8.943213702992956,8.92460674730574,9.41030944824855,0.105
2,scratch,random,powers,100,7.5610387848223946,7.3376524981395335,7.182844128721437,0.145
2,scratch,random,powers,200,3.188140866738505,3.143471159961951,2.8819304812074504,0.35
2,scratch,random,powers,400,0.4254212438537193,0.4281371353372547,0.4006662457186213,0.725
2,scratch,random,powers,800,0.022754158438889283,0.021341654566450863,0.020109149155742672,1.0
2,scratch,random,powers,1200,0.008941781018789284,0.009859642855337955,0.010458373070235156,1.0
2,scratch,random,powers,1500,0.006820512822190157,0.007837151965211788,0.008467895259675208,1.0
3,clone,multiplication,powers,50,1.6097318563177967,1.6064530898099947,1.3983212636112459,0.27
3,clone,multiplication,powers,100,0.5153833329688807,0.4605622059295834,0.45735906426487133,0.58
3,clone,multiplication,powers,200,0.17091923501570527,0.1539397746308752,0.15008627614852477,0.855
3,clone,multiplication,powers,400,0.08263981976533685,0.07956049810892334,0.0796243759699705,1.0
3,clone,multiplication,powers,800,0.05701918004660986,0.05845087217288404,0.05882990227273124,1.0
3,clone,multiplication,powers,1200,0.039971592060687025,0.042143898186543086,0.041531429060937736,1.0
3,clone,multiplication,powers,1500,0.02926322714909781,0.03202702670640895,0.030671591052673575,1.0
3,scratch,random,powers,50,8.31256540699406,8.326644060710004,8.303721992986087,0.12
3,scratch,random,powers,100,7.227174106097785,7.546215050069249,6.970428734927784,0.08
3,scratch,random,powers,200,3.605834632267711,3.727757848857847,3.2849873516666293,0.29
3,scratch,random,powers,400,0.35749813568873295,0.32237711176855594,0.3028665990404315,0.63
3,scratch,random,powers,800,0.02586254050713965,0.02860281274263547,0.026398596883350712,1.0
3,scratch,random,powers,1200,0.015589279000704458,0.018436932379505985,0.01644648819546019,1.0
3,scratch,random,powers,1500,0.012282189001417356,0.01425614999353209,0.012973722659107935,1.0
4,clone,multiplication,powers,50,1.4762598152920916,1.843134793761048,1.6347117735396466,0.175
4,clone,multiplication,powers,100,0.5115015593330995,0.5576754647456662,0.5341504034472885,0.515
4,clone,multiplication,powers,200,0.16952890181384297,0.17862195293990218,0.16909261295271388,0.87
4,clone,multiplication,powers,400,0.08626336912232871,0.08207348098869187,0.07958722714874768,0.935
4,clone,multiplication,powers,800,0.04804867628081633,0.0472191550755088,0.047365261249297186,1.0
4,clone,multiplication,powers,1200,0.0222329708611631,0.024933600779748898,0.026466642286891995,1.0
4,clone,multiplication,powers,1500,0.010622649885403205,0.012979311922551296,0.013817104388432802,1.0
4,scratch,random,powers,50,7.254515295794517,9.691334122801356,10.3640857039882,0.18
4,scratch,random,powers,100,5.640819392684173,7.87915424446974,7.537789831973576,0.115
4,scratch,random,powers,200,3.8086230230090363,5.42665074352793,5.090384878636589,0.195
4,scratch,random,powers,400,0.5799248127969571,0.7411057738464127,0.6963833940771429,0.61
4,scratch,random,powers,800,0.0392455484999802,0.04298563401524872,0.03842267905970196,1.0
4,scratch,random,powers,1200,0.016202796381779214,0.019087027138807812,0.016904603160187274,1.0
4,scratch,random,powers,1500,0.010958254085031599,0.013540516963824573,0.01271752835816058,1.0
5,clone,multiplication,powers,50,1.79211347504436,1.8301195198883586,1.6401482561162501,0.24
5,clone,multiplication,powers,100,0.6367612220895245,0.6041483160643624,0.6360552864202592,0.61
5,clone,multiplication,powers,200,0.18665253601497286,0.1826982401734036,0.19760857358902584,0.82
5,clone,multiplication,powers,400,0.07833670126374559,0.0851132198114289,0.08705962859388154,1.0
5,clone,multiplication,powers,800,0.054546430358247106,0.06328464863853253,0.06526752380505023,1.0
5,clone,multiplication,powers,1200,0.03984461545838594,0.04768857197851211,0.04810134565896971,1.0
5,clone,multiplication,powers,1500,0.029681323773202078,0.03572486971811344,0.03520244571253982,1.0
5,scratch,random,powers,50,8.199242175628502,8.679549565039308,9.162880665461532,0.09
5,scratch,random,powers,100,6.87703610620403,7.584201572577401,7.25709777358913,0.155
5,scratch,random,powers,200,4.7078832205312064,5.149418097121455,4.842137687167368,0.155
5,scratch,random,powers,400,0.5471184763409656,0.5497078937870542,0.5469603288552876,0.615
5,scratch,random,powers,800,0.023824452843300828,0.029111427990591507,0.02766087005670484,1.0
5,scratch,random,powers,1200,0.013880953102004469,0.01753273422229544,0.015518994265618773,1.0
5,scratch,random,powers,1500,0.010533439358366911,0.013209757202452462,0.01161630848627993,1.0
6,clone,multiplication,powers,50,1.758406857164028,1.776065285545567,1.5554929834772502,0.19
6,clone,multiplication,powers,100,0.5463392593600316,0.555481787301489,0.5786502261166424,0.635
6,clone,multiplication,powers,200,0.19391863162314088,0.1952719524437911,0.1981014189087121,0.805
6,clone,multiplication,powers,400,0.09221913330214929,0.08789413905411479,0.08717792410207265,0.85
6,clone,multiplication,powers,800,0.06193211436338289,0.0602590418324327,0.060462226649752586,1.0
6,clone,multiplication,powers,1200,0.03927764898788943,0.039663882146641065,0.040439728338883714,1.0
6,clone,multiplication,powers,1500,0.03013587471431058,0.03196722757098402,0.0329809717471782,1.0
6,scratch,random,powers,50,8.555826340750393,8.577842960654552,9.000689426790068,0.195
6,scratch,random,powers,100,7.319152486838611,7.464182629871569,7.132161002276732,0.21
6,scratch,random,powers,200,4.166890036467592,4.193343436554693,3.8344617380108033,0.12
6,scratch,random,powers,400,0.3303366500233671,0.3282739174659498,0.3363302972516654,0.69
6,scratch,random,powers,800,0.059042141923812214,0.057024466566857016,0.056774511573821275,1.0
6,scratch,random,powers,1200,0.0396902755027642,0.039153846719834705,0.03794549717007315,1.0
6,scratch,random,powers,1500,0.02787524657796598,0.02785144060475033,0.02659462702188648,1.0
7,clone,multiplication,powers,50,1.6383185060873915,1.748171632772887,1.545053043261347,0.285
7,clone,multiplication,powers,100,0.5540879210614638,0.5422890871290086,0.5233064443123294,0.655
7,clone,multiplication,powers,200,0.17390487175345548,0.17253933041188016,0.16511376657919752,0.87
7,clone,multiplication,powers,400,0.0844192956902673,0.08101244338970873,0.07808803682632003,0.925
7,clone,multiplication,powers,800,0.0538469934906527,0.0514486380774678,0.051068519058820726,1.0
7,clone,multiplication,powers,1200,0.032346834648889745,0.03121979019780222,0.031553024073548534,1.0
7,clone,multiplication,powers,1500,0.018919394095023304,0.01843069385941376,0.0186311202459927,1.0
7,scratch,random,powers,50,8.191710470412984,8.822615474193231,9.149977612731307,0.25
7,scratch,random,powers,100,6.94193340000591,7.73571472341147,7.321796019856344,0.125
7,scratch,random,powers,200,3.9138120515948094,4.424179824544831,4.0272813461829005,0.125
7,scratch,random,powers,400,0.46257782959469657,0.47581252462068185,0.44224898365267656,0.74
7,scratch,random,powers,800,0.03919213943604059,0.03999571157672977,0.03707780001158458,1.0
7,scratch,random,powers,1200,0.017101201809288816,0.017620645159300407,0.016350960036838183,1.0
7,scratch,random,powers,1500,0.011569175988664103,0.011876376459339682,0.011204912474008153,1.0
8,clone,multiplication,powers,50,1.7798027602489017,1.87573758702964,1.6477487281726053,0.22
8,clone,multiplication,powers,100,0.6418698222241577,0.6653231396003857,0.6601070319453477,0.625
8,clone,multiplication,powers,200,0.2066077070840751,0.22195739473471274,0.22227647320887428,0.825
8,clone,multiplication,powers,400,0.08955438635874342,0.09653431358413926,0.09779283852315065,0.87
8,clone,multiplication,powers,800,0.05695002276636782,0.062438709088523246,0.06456238976603625,1.0
8,clone,multiplication,powers,1200,0.04313110939490195,0.04675764101074129,0.0483523227756327,1.0
8,clone,multiplication,powers,1500,0.03291043689021023,0.0352712750950694,0.03343614801388938,1.0
8,scratch,random,powers,50,8.085617307035642,8.352123489940881,8.573676044599397,0.175
8,scratch,random,powers,100,7.271640255700222,7.679298263836446,7.407198748015889,0.26
8,scratch,random,powers,200,4.0754244997325255,4.315391764776909,3.992217967591524,0.26
8,scratch,random,powers,400,0.3270524635310018,0.34347954838760675,0.3440553890296033,0.67
8,scratch,random,powers,800,0.060473026493327066,0.06623947440407761,0.06585136397049945,1.0
8,scratch,random,powers,1200,0.038605792311516646,0.04283206938489279,0.0414740200790648,1.0
8,scratch,random,powers,1500,0.026275080861082413,0.028764556935650495,0.027503905943895977,1.0
9,clone,multiplication,powers,50,1.6845753768932588,2.3269703778599564,1.994214224894639,0.315
9,clone,multiplication,powers,100,0.4601405449531918,0.7941806315382305,0.6988196000271943,0.705
9,clone,multiplication,powers,200,0.16813799796901605,0.3125919376202582,0.2733458129567035,0.97
9,clone,multiplication,powers,400,0.07468449748613977,0.11980261691253695,0.1061154477883888,0.91
9,clone,multiplication,powers,800,0.051353813302980916,0.0696419225526588,0.06350985373614758,0.97
9,clone,multiplication,powers,1200,0.037593085875895806,0.04856302186086121,0.04490894259094303,1.0
9,clone,multiplication,powers,1500,0.027850531092825984,0.03369874661108728,0.03235838319448863,1.0
9,scratch,random,powers,50,9.463068478507875,8.393884816840192,8.560781149621453,0.23
9,scratch,random,powers,100,8.255637185613235,8.06612179083548,7.531110422124075,0.1
9,scratch,random,powers,200,4.852714762917745,5.189119886278849,4.694966194253556,0.25
9,scratch,random,powers,400,0.33072598395925484,0.633237673558064,0.5435629652367573,0.805
9,scratch,random,powers,800,0.05462275894779317,0.09266590933312714,0.08139023651843637,0.97
9,scratch,random,powers,1200,0.03682385361031752,0.051971716635943174,0.04669332288927117,0.97
9,scratch,random,powers,1500,0.025536204657712936,0.03498923682251945,0.03170924754356999,1.0
10,clone,multiplication,powers,50,1.4758998485984811,1.6301825065931048,1.484093267311286,0.16
10,clone,multiplication,powers,100,0.5020861395862414,0.48980886339794255,0.505860381835426,0.61
10,clone,multiplication,powers,200,0.161938938881719,0.16407375750939152,0.16266238892265225,0.78
10,clone,multiplication,powers,400,0.07597311412641028,0.07503781167661966,0.07579661301298714,1.0
10,clone,multiplication,powers,800,0.044830538432821136,0.04338033631959448,0.04484375198468719,1.0
10,clone,multiplication,powers,1200,0.03482728601965069,0.03345181424937871,0.03518446235042889,1.0
10,clone,multiplication,powers,1500,0.026764111176768055,0.025819270422188165,0.02726445284495671,1.0
10,scratch,random,powers,50,7.013071780225085,8.571025234996402,8.780351276481094,0.265
10,scratch,random,powers,100,6.381239853152749,7.785557227720143,7.614753793193257,0.22
10,scratch,random,powers,200,3.8307712399323113,4.758815436254017,4.476127926994963,0.285
10,scratch,random,powers,400,0.31267161259096266,0.34384640707720243,0.3327808138748856,0.745
10,scratch,random,powers,800,0.02567341202686445,0.023997019629182586,0.02308690555225062,1.0
10,scratch,random,powers,1200,0.011216457261270076,0.010483779062387911,0.009910638712770646,1.0
10,scratch,random,powers,1500,0.0078436728074498,0.00764434443576065,0.007257948905615576,1.0
11,clone,multiplication,powers,50,1.457990330184399,1.5951984196042743,1.4271134448437042,0.2
11,clone,multiplication,powers,100,0.4773917995675903,0.5241542918978385,0.5197719920608971,0.61
11,clone,multiplication,powers,200,0.16862812582958248,0.19305600843090626,0.1854067954581837,0.81
11,clone,multiplication,powers,400,0.08946259137546742,0.09874764270682415,0.09342679740609412,0.87
11,clone,multiplication,powers,800,0.0583779012882248,0.062106156269781936,0.059139459242435966,1.0
11,clone,multiplication,powers,1200,0.043710433443378494,0.04473914086068854,0.04340178272823349,1.0
11,clone,multiplication,powers,1500,0.033422810844514796,0.0330824940094903,0.032294599842153125,1.0
11,scratch,random,powers,50,8.227471986910414,8.511704709395298,8.824571869731672,0.155
11,scratch,random,powers,100,7.274368259870712,7.568011761776426,7.411343246907692,0.13
11,scratch,random,powers,200,3.2285283037485444,3.53766207926455,3.2409258477749177,0.26
11,scratch,random,powers,400,0.2645892640880858,0.2981500449863064,0.28065309472406275,0.76
11,scratch,random,powers,800,0.04260383785448917,0.04431325244217007,0.04045393823742631,1.0
11,scratch,random,powers,1200,0.02092464836030941,0.02038038295758144,0.01866333952592447,1.0
11,scratch,random,powers,1500,0.011057522120747223,0.011217755182085757,0.010606909633338732,1.0
12,clone,multiplication,powers,50,1.4506344565074727,1.5410332142237841,1.3872319041855974,0.27
12,clone,multiplication,powers,100,0.5588088102262483,0.5898036764419682,0.5832179998997497,0.655
12,clone,multiplication,powers,200,0.19744588402012822,0.21069889813138756,0.2050418659952222,0.81
12,clone,multiplication,powers,400,0.08860243381617508,0.0939493066641648,0.08939955391175697,0.93
12,clone,multiplication,powers,800,0.056454292288809736,0.05933228826992912,0.05724468069152182,1.0
12,clone,multiplication,powers,1200,0.041384181287435276,0.04237647818444619,0.04100126441414261,1.0
12,clone,multiplication,powers,1500,0.027855246298316337,0.02758976221958143,0.026935563503268756,1.0
12,scratch,random,powers,50,7.990493216006716,8.89298558719107,9.38903247408209,0.15
12,scratch,random,powers,100,6.959325585384224,7.6412959654271955,7.536492677449984,0.15
12,scratch,random,powers,200,3.477153679291453,3.896723312025239,3.6223354402951107,0.24
12,scratch,random,powers,400,0.4059791034597171,0.4543712650620836,0.4225221712865299,0.76
12,scratch,random,powers,800,0.021434862148220057,0.02225701639800992,0.019944634872731095,1.0
12,scratch,random,powers,1200,0.009285312103094127,0.009644217535356958,0.008875830390772487,1.0
12,scratch,random,powers,1500,0.006716638711634772,0.007641031013848335,0.007068210751360517,1.0
13,clone,multiplication,powers,50,1.789462804935019,1.7991791249230658,1.564953592500075,0.215
13,clone,multiplication,powers,100,0.5837500488612685,0.5806729259757606,0.561780353229875,0.525
13,clone,multiplication,powers,200,0.17180490661947886,0.18105369266338492,0.17851241583439176,0.825
13,clone,multiplication,powers,400,0.07257898160445,0.07743759359593495,0.08500767508610631,0.96
13,clone,multiplication,powers,800,0.04166900841999963,0.044588630305258475,0.0505446581374884,1.0
13,clone,multiplication,powers,1200,0.025892389652834816,0.028489429057018133,0.03289226498839979,1.0
13,clone,multiplication,powers,1500,0.009845066350650765,0.011227601370985737,0.013338292800249493,1.0
13,scratch,random,powers,50,9.826806032158697,8.899190846086245,9.564188763684838,0.09
13,scratch,random,powers,100,7.480754813926403,7.36211688788858,6.889740225270537,0.065
13,scratch,random,powers,200,3.8195922077174327,3.7717466545871683,3.396240166185088,0.2
13,scratch,random,powers,400,0.46245932752969765,0.45869142110599814,0.4443673240207273,0.715
13,scratch,random,powers,800,0.05415904110661005,0.05936057268670647,0.05734535577372211,0.93
13,scratch,random,powers,1200,0.027805359905684206,0.03011212998654623,0.028070716403604146,1.0
13,scratch,random,powers,1500,0.01888896960013975,0.02052797725469753,0.018620115077754792,1.0
14,clone,multiplication,powers,50,1.4866818218703435,1.8115892331268328,1.5744615192441707,0.25
14,clone,multiplication,powers,100,0.5009171957914633,0.7227513493078472,0.6753739977952643,0.66
14,clone,multiplication,powers,200,0.17504899706636423,0.2691749292837967,0.25397788277114935,0.92
14,clone,multiplication,powers,400,0.07607014391128822,0.10237050290434567,0.0981409345278293,0.92
14,clone,multiplication,powers,800,0.052677691673253646,0.06504657222026339,0.06562173861442248,1.0
14,clone,multiplication,powers,1200,0.03476238139058424,0.04241936390840638,0.04430376693916886,1.0
14,clone,multiplication,powers,1500,0.024272205155279534,0.028755367884821848,0.030739801863425432,1.0
14,scratch,random,powers,50,8.986824543500179,9.427011625593247,10.245313220238758,0.16
14,scratch,random,powers,100,7.152353000469941,7.740539962486483,7.558476360786482,0.125
14,scratch,random,powers,200,4.79410246114963,5.386902453770884,5.243556912321922,0.185
14,scratch,random,powers,400,0.32101771969175014,0.48647949384745365,0.43729217414739274,0.82
14,scratch,random,powers,800,0.06013082270203644,0.08659345551003786,0.08506367194414544,0.96
14,scratch,random,powers,1200,0.038282331395490574,0.050443369853043915,0.04963147871069153,1.0
14,scratch,random,powers,1500,0.02644140635410754,0.03480651602712521,0.03399023414392069,1.0
